species_key,scientific_name,domain,lineage_group,phylo_group,n_proteins,n_structures,B,budget_prior,median_eta,mean_eta,log10_median_eta,q01,q05,q25,q50,q75,q95,q99,fraction_positive_eta
9euro1,Cladophialophora carrionii,eukaryota,fungi,25,10651.0,11170.0,,1.5,0.0496361155333181,1.1752553040040628,-1.3042022132420996,0.0152437066326395,0.0198209729673521,0.0308762169680111,0.0496361155333181,0.1002602049113677,1.913364605691337,29.7,0.951366068913717
9euro2,Fonsecaea pedrosoi,eukaryota,fungi,26,12250.0,12509.0,,1.5,0.0450684074040955,1.0074633671197015,-1.3461277884529566,0.0149682393552462,0.019663165501094,0.0290116345276039,0.0450684074040955,0.081464760742426,0.9140950069348128,27.0,0.9706938775510204
9noca1,Nocardia brasiliensis,bacteria,other,2,8316.0,8398.0,,0.0,,,,,,,,,,,0.0
9pezi1,Madurella mycetomatis,eukaryota,fungi,24,9396.0,9561.0,,1.5,0.0500351460157198,0.8953201072998646,-1.3007248284917627,0.0149326256834514,0.019829792459332,0.0316275684364195,0.0500351460157198,0.096940835397173,1.125,25.91099999999997,0.9730736483610046
ajecg,Histoplasma capsulatum,eukaryota,fungi,27,7918.0,9199.0,,1.5,0.0557209274546903,1.192520084300454,-1.2539816635132919,0.0155814024196222,0.0206538290779375,0.0338157421684671,0.0557209274546903,0.1167664892813812,2.47739312363441,29.61899999999987,0.9358423844405153
arath,Arabidopsis thaliana,eukaryota,plants,30,26739.0,27402.0,,18.0,0.7680424124957246,18.88925309069958,-0.11461479689001078,0.2047597031719372,0.2737508049448055,0.4545515439748141,0.7680424124957246,1.761539716196379,41.85,453.4559999999969,0.9351509031751375
bruma,Brugia malayi,eukaryota,metazoa,34,10536.0,10972.0,,17.0,0.7815903614457831,18.328094125359,-0.1070208049657425,0.1922242168743791,0.2716349986742846,0.4795766667013306,0.7815903614457831,1.7786672140120414,34.50906593406583,400.00999999999567,0.9011958997722096
caeel,Caenorhabditis elegans,eukaryota,metazoa,35,19226.0,19700.0,,17.0,0.7080675422138837,16.498873019126417,-0.1499253131976597,0.1953183093239159,0.2771299381247025,0.4608433734939759,0.7080675422138837,1.4184576485461442,24.262135922330096,438.0171428571407,0.9071569749297825
camje,Campylobacter jejuni,bacteria,other,3,1615.0,1620.0,,0.0,,,,,,,,,,,0.0
canal,Candida albicans,eukaryota,fungi,18,5877.0,5973.0,,1.2,0.0423945981060036,0.6739247026411548,-1.3726894774216984,0.0122084008169106,0.0162910450192671,0.0265993444414169,0.0423945981060036,0.0890767445198085,1.0739058350100537,20.52,0.9654585672962396
danre,Danio rerio,eukaryota,metazoa,43,26186.0,26290.0,,26.0,1.1001121020590898,26.75913800943464,0.041436942271914176,0.2958608337875934,0.4227180721600534,0.7328715046366161,1.1001121020590898,2.3322711258614612,26.547049689440964,633.034090909082,0.9711296112426487
dicdi,Dictyostelium discoideum,eukaryota,protists,19,11990.0,12612.0,,3.5,0.1517984901564119,3.421792582662775,-0.818732548071631,0.0400630375555056,0.0539108447776498,0.0924993707525799,0.1517984901564119,0.3183139534883721,4.952125984251957,90.3,0.9205170975813177
drame,Dracunculus medinensis,eukaryota,metazoa,36,10343.0,10834.0,,17.0,0.9145739768486304,16.795844992621443,-0.038781160129870706,0.2023333800381017,0.2930914087107841,0.5323359684509488,0.9145739768486304,2.091482649842271,36.76943877551028,435.83815384615633,0.9271004544136131
drome,Drosophila melanogaster,eukaryota,metazoa,42,13357.0,13461.0,,24.0,1.0284679609697214,27.32529348866385,0.012190767016853746,0.250962831701028,0.3594525432232479,0.5890993781728786,1.0284679609697214,2.5636126791141987,72.0,676.8,0.9305233211050385
ecoli,Escherichia coli K-12,bacteria,other,4,4346.0,4370.0,,0.0,,,,,,,,,,,0.0
haein,Haemophilus influenzae,bacteria,other,5,1657.0,1660.0,,0.0,,,,,,,,,,,0.0
helpy,Helicobacter pylori,bacteria,other,6,1521.0,1540.0,,0.0,,,,,,,,,,,0.0
human,Homo sapiens,eukaryota,metazoa,44,20101.0,20550.0,,32.0,1.3502060886542773,35.318139645400095,0.13040006207599267,0.3563710209181805,0.5072007006954092,0.8902196551418321,1.3502060886542773,2.994578466665911,52.19809523809513,814.2719999999972,0.9461718322471518
kleph,Klebsiella pneumoniae,bacteria,other,7,5658.0,5727.0,,0.0,,,,,,,,,,,0.0
leiin,Leishmania infantum,eukaryota,protists,23,7726.0,7924.0,,5.0,0.1905154639175257,6.597384652026593,-0.7200697673821571,0.0513540806151936,0.0684337906835878,0.1161900352576658,0.1905154639175257,0.3935716628402755,8.977358490566006,160.55999999999858,0.9512037276727932
maize,Zea mays,eukaryota,plants,32,36753.0,39139.0,,18.0,0.9130404561765996,21.35040126522372,-0.03950997875814842,0.2069482701978525,0.2796116026201811,0.4896456797935301,0.9130404561765996,2.491086730333604,73.6339572192512,496.8,0.887056838897505
metja,Methanocaldococcus jannaschii,archaea,other,1,1761.0,1773.0,,0.0,,,,,,,,,,,0.0
mouse,Mus musculus,eukaryota,metazoa,45,21209.0,21452.0,,30.0,1.213707758210376,31.599525020918033,0.08411412802800255,0.3411129099550489,0.4804290343003985,0.8417966705057062,1.213707758210376,2.488062327217894,46.6822429906542,780.9945652174139,0.9600169739261635
mycle,Mycobacterium leprae,bacteria,other,8,1552.0,1602.0,,0.0,,,,,,,,,,,0.0
myctu,Mycobacterium tuberculosis,bacteria,other,9,3914.0,3991.0,,0.0,,,,,,,,,,,0.0
neig1,Neisseria gonorrhoeae,bacteria,other,10,2035.0,2106.0,,0.0,,,,,,,,,,,0.0
oncvo,Onchocerca volvulus,eukaryota,metazoa,37,10976.0,12039.0,,17.0,0.810554089533346,19.852805463502403,-0.09121799870312186,0.1959142769012257,0.278182704497519,0.4888852935289193,0.810554089533346,1.9620010034457336,62.23854545454518,428.0656666666666,0.8618804664723032
orysj,Oryza sativa,eukaryota,plants,31,37215.0,43645.0,,18.0,0.8648208469055375,23.524960247395857,-0.0630738500596986,0.2150759725225272,0.2847056274074435,0.4923786970134377,0.8648208469055375,2.350542968825577,116.3076923076923,496.8,0.8029826682789198
parba,Paracoccidioides lutzii,eukaryota,fungi,28,7893.0,8794.0,,1.5,0.0577969174977334,1.5144394236118237,-1.2380953233341983,0.0155160865147849,0.0205758826083627,0.0339867396944364,0.0577969174977334,0.1401136363636363,4.323478260869548,37.18285714285688,0.919422272900038
plaf7,Plasmodium falciparum,eukaryota,protists,20,5062.0,5168.0,,6.0,0.2851916160238125,6.171113610030208,-0.5448632458892966,0.049122994878462,0.0790867800457379,0.1501160220794133,0.2851916160238125,0.6063670662663903,8.44615384615379,158.4,0.9330304227578032
pseae,Pseudomonas aeruginosa,bacteria,other,11,5527.0,5555.0,,0.0,,,,,,,,,,,0.0
rat,Rattus norvegicus,eukaryota,metazoa,46,21785.0,22152.0,,30.0,1.258561595643379,34.82819824989971,0.09987447534199961,0.3423858670349721,0.4847763480471481,0.8630398709602185,1.258561595643379,2.81062695535758,56.8182525641598,825.5099999999948,0.9494606380537067
salty,Salmonella enterica,bacteria,other,12,4493.0,4526.0,,0.0,,,,,,,,,,,0.0
schma,Schistosoma mansoni,eukaryota,metazoa,38,9406.0,9735.0,,17.0,0.7161392227193069,16.36510628693362,-0.14500253945041233,0.1719888476020003,0.2498144670403903,0.4276185956851507,0.7161392227193069,1.6074275864635523,26.742025862068964,386.07000000000374,0.9266425685732511
schpo,Schizosaccharomyces pombe,eukaryota,fungi,17,5076.0,5196.0,,0.9,0.0348795988758303,0.6613663982457471,-1.4574285182066482,0.0097243417216827,0.013068110758148,0.0215942933999423,0.0348795988758303,0.0698450026723677,0.9818181818181818,17.346857142857036,0.9615839243498818
shids,Shigella dysenteriae,bacteria,other,13,3860.0,3893.0,,0.0,,,,,,,,,,,0.0
soybn,Glycine max,eukaryota,plants,33,53909.0,55796.0,,18.0,0.849704826649529,21.33697742041519,-0.07073191478058996,0.2070035287475367,0.2755797827684478,0.479619821665069,0.849704826649529,2.1348088181512557,56.7,496.8,0.9204029011853309
spos1,Sporothrix schenckii,eukaryota,fungi,29,8494.0,8652.0,,1.5,0.0456104935417361,0.9575818566239568,-1.3409352283226903,0.0139697402556918,0.0186378924405866,0.0291675593832621,0.0456104935417361,0.0885915416699174,1.136280080213902,27.211500000000115,0.9717447610077702
staa8,Staphylococcus aureus,bacteria,other,14,2852.0,2888.0,,0.0,,,,,,,,,,,0.0
strer,Strongyloides stercoralis,eukaryota,metazoa,39,14930.0,15335.0,,17.0,0.6802748585286985,11.26720272598742,-0.16731557931727797,0.1942484873933786,0.2643091933409198,0.4450285032781915,0.6802748585286985,1.328200237861545,12.576710888743987,306.0,0.940589417280643
strr6,Streptococcus pneumoniae,bacteria,other,15,2012.0,2031.0,,0.0,,,,,,,,,,,0.0
tritr,Trichuris trichiura,eukaryota,metazoa,40,9131.0,9563.0,,17.0,0.7744937949052907,10.366227743866116,-0.11098205737435192,0.2019599013375273,0.2797078857654286,0.4699393010013302,0.7744937949052907,1.6315883334397023,14.11812152133577,256.2239999999896,0.952250574964407
tryb2,Trypanosoma brucei,eukaryota,protists,21,7961.0,8491.0,,5.0,0.1938408404086919,6.96144116230759,-0.7125547159564652,0.0558023589783787,0.0753558770375933,0.1184509150924221,0.1938408404086919,0.40137823733765,14.182352941176312,150.0,0.923878909684713
trycc,Trypanosoma cruzi,eukaryota,protists,22,18502.0,19036.0,,5.0,0.2112914131169709,7.3036454138624,-0.6751181523167985,0.0586446901932607,0.0808374632170888,0.1282931823188668,0.2112914131169709,0.4751131221719457,15.701298701298654,183.0,0.8674197384066588
wucba,Wuchereria bancrofti,eukaryota,metazoa,41,11927.0,12725.0,,17.0,1.0912554958475815,22.87006090833535,0.03792644393953012,0.2236495945954472,0.3290687135979041,0.6010877668224228,1.0912554958475815,2.7938439069734,112.2,510.0,0.8718873144965205
yeast,Saccharomyces cerevisiae,eukaryota,fungi,16,5858.0,6055.0,,0.05,0.0018401878934967,0.0359160616525764,-2.735137830825955,0.0005296893856878,0.0006913884078666,0.0011468915997629,0.0018401878934967,0.0038834166019664,0.0628145277577501,0.977550000000001,0.9532263571184705
